FEN,prompt,reasoning
r3r1k1/2p1bp2/pn5B/1p2Rb2/7p/1BP5/PP3PP1/4R1K1 w - -,"Given a board's FEN string: 
r3r1k1/2p1bp2/pn5B/1p2Rb2/7p/1BP5/PP3PP1/4R1K1 w - -

The ASCII board for the given FEN string is:
+---+---+---+---+---+---+---+---+
| r | . | . | . | r | . | k | . |
+---+---+---+---+---+---+---+---+
| . | . | p | . | b | p | . | . |
+---+---+---+---+---+---+---+---+
| p | n | . | . | . | . | . | B |
+---+---+---+---+---+---+---+---+
| . | p | . | . | R | b | . | . |
+---+---+---+---+---+---+---+---+
| . | . | . | . | . | . | . | p |
+---+---+---+---+---+---+---+---+
| . | B | P | . | . | . | . | . |
+---+---+---+---+---+---+---+---+
| P | P | . | . | . | P | P | . |
+---+---+---+---+---+---+---+---+
| . | . | . | . | R | . | K | . |
+---+---+---+---+---+---+---+---+

Use the below Centipawn loss (Cp) and move sequence to guide your reasoning:

Line 1; Cp(493): e5f5 b6c4 b3c4 b5c4 f5e5 g8h7 h6g5 e7g5 e5e8 a8a7 e8e4 a7b7 e1e2 h7g6 e4c4 c7c5 c4c5 b7d7 g1h2 f7f5 g2g3 h4g3 h2g3 g6f6 c5c4 f5f4 c4f4 g5f4 g3f4
Line 2; Cp(144): e5e7 f5e6 e1e6 f7e6 e7c7 a8c8 c7g7 g8h8 b3c2 b6d5 g7g4 c8c4 h6g7 h8g8 g7d4 g8f8 g4h4 f8e7 c2b3 c4c8 g2g3 a6a5 b3c2 e8f8 c2g6 d5f6 g6d3
Line 3; Cp(-297): a2a4 b5a4 b3a2 f5e6 e5e6 f7e6 e1e6 g8h8 e6g6 e8g8 g6c6 a8c8 h6f4 b6d7 a2g8 h8g8

The best move is : e5f5

Give reasoning explaining why this is the best move basing your answer on the given information","Reasoning : The White Rook on e5 is directly threatened by the Black Bishop on f5, making the capture on f5 the most principled and advantageous response to maintain material balance and initiative. By eliminating this bishop, White removes an active enemy piece that helps defend the Black King on g8 and controls key diagonals, thereby weakening Black's kingside structure. This exchange allows White to maintain pressure with the remaining Rook on e1 and the Bishop on h6, which targets the kingside weakness, whereas retreating the rook or ignoring the threat to play pawn moves would concede the initiative to Black. By removing the bishop, White reduces Black's counterplay potential, particularly regarding the passed h-pawn, and simplifies into a structure where White's piece coordination dominates. This tactical decision ensures White avoids material loss and secures a superior positional standing by limiting Black's defensive resources and active options."
r4k2/Bp6/4K3/8/8/3p2R1/8/8 w - -,"Given a board's FEN string: 
r4k2/Bp6/4K3/8/8/3p2R1/8/8 w - -

The ASCII board for the given FEN string is:
+---+---+---+---+---+---+---+---+
| r | . | . | . | . | k | . | . |
+---+---+---+---+---+---+---+---+
| B | p | . | . | . | . | . | . |
+---+---+---+---+---+---+---+---+
| . | . | . | . | K | . | . | . |
+---+---+---+---+---+---+---+---+
| . | . | . | . | . | . | . | . |
+---+---+---+---+---+---+---+---+
| . | . | . | . | . | . | . | . |
+---+---+---+---+---+---+---+---+
| . | . | . | p | . | . | R | . |
+---+---+---+---+---+---+---+---+
| . | . | . | . | . | . | . | . |
+---+---+---+---+---+---+---+---+
| . | . | . | . | . | . | . | . |
+---+---+---+---+---+---+---+---+

Use the below Centipawn loss (Cp) and move sequence to guide your reasoning:

Line 1; Mate(2): a7c5 f8e8 g3g8
Line 2; Cp(39): g3f3 f8g8 f3g3 g8h7 a7e3 a8f8 e3g5 f8f2 g3d3 h7g7 d3g3 f2e2 g3e3 e2g2 g5h4 g7g6 e3g3 g2g3 h4g3 g6g5 e6d7 g5g4 g3e1 g4f3 d7c8 f3e2 e1c3 e2f2 c3e5 b7b5
Line 3; Cp(15): a7d4 a8a6 e6d5 a6a5 d5e4 b7b5 g3d3 b5b4 d3g3 f8f7 g3g7 f7e6 g7b7 b4b3 b7b6 e6e7 d4e5 a5a2 b6b3 a2d2

The best move is : a7c5

Give reasoning explaining why this is the best move basing your answer on the given information","Reasoning : The move Bishop to c5 is the decisive choice because it initiates a forced checkmate sequence by exploiting the exposed position of the Black King on f8. By shifting the Bishop from a7 to c5, White delivers a check that severely restricts the Black King's mobility, as the g-file is already dominated by the White Rook on g3, preventing an escape to g8. The White King on e6 supports the attack by covering critical squares like d7 and f7, leaving e8 as the only legal retreat for the Black King. Once the King is forced to e8, the White Rook slides to g8 to deliver checkmate, capitalizing on the coordinated attack where the Black King has no safe squares to flee. This immediate tactical resolution is far superior to alternative moves that would allow the dangerous Black passed pawn on d3 to advance or give the opponent time to reorganize their defense."
rq3rk1/4npp1/1p2p2p/2n1P3/P2Q4/2N2N2/1P3PPP/R1R3K1 w Qq -,"Given a board's FEN string: 
rq3rk1/4npp1/1p2p2p/2n1P3/P2Q4/2N2N2/1P3PPP/R1R3K1 w Qq -

The ASCII board for the given FEN string is:
+---+---+---+---+---+---+---+---+
| r | q | . | . | . | r | k | . |
+---+---+---+---+---+---+---+---+
| . | . | . | . | n | p | p | . |
+---+---+---+---+---+---+---+---+
| . | p | . | . | p | . | . | p |
+---+---+---+---+---+---+---+---+
| . | . | n | . | P | . | . | . |
+---+---+---+---+---+---+---+---+
| P | . | . | Q | . | . | . | . |
+---+---+---+---+---+---+---+---+
| . | . | N | . | . | N | . | . |
+---+---+---+---+---+---+---+---+
| . | P | . | . | . | P | P | P |
+---+---+---+---+---+---+---+---+
| R | . | R | . | . | . | K | . |
+---+---+---+---+---+---+---+---+

Use the below Centipawn loss (Cp) and move sequence to guide your reasoning:

Line 1; Cp(12): d4c4
Line 2; Cp(12): d4b4 e7g6 c1d1 g6e5 f3e5 b8e5 b4b5 f8d8 a1c1 d8c8 b2b4 c5d7 b5d7 c8c3 h2h3 e5f6 d7d2 c3c1 d2c1 a8a4 c1c8 g8h7
Line 3; Cp(7): d4d6 b8b7 d6d1 e7c6 a1a3 f8d8 d1e2 c6d4 f3d4 d8d4 c1d1 a8d8 d1d4 d8d4 g2g3 d4b4 h2h4 c5b3 e2d3 b3d4 c3b5 b7d5 a3c3 g7g6 b5d4

The best move is : d4c4

Give reasoning explaining why this is the best move basing your answer on the given information","Reasoning : The move queen to c4 is optimal because it maximizes piece activity by pressuring Black's knight on c5 while aligning with the rook on c1 for potential file control. By placing the queen on this active square, White forces Black to dedicate resources to defending the knight, which is already supported by the b6 pawn and the knight on e7, thereby restricting Black's ability to coordinate counterplay. This positioning also keeps an eye on the kingside diagonals and maintains flexibility, whereas alternatives like moving to b4 might allow Black to gain tempo with pawn advances or moving to d6 could expose the queen to traps without adequate support. Ultimately, this move sustains White's spatial advantage and initiative, compelling Black to react passively to the threats generated along the c-file and the queenside."
r1b1k2r/1q1nppb1/p1Np2p1/1p1P3p/8/P1N1B3/1PPQ1PPP/R3K1R1 b Qkq -,"Given a board's FEN string: 
r1b1k2r/1q1nppb1/p1Np2p1/1p1P3p/8/P1N1B3/1PPQ1PPP/R3K1R1 b Qkq -

The ASCII board for the given FEN string is:
+---+---+---+---+---+---+---+---+
| r | . | b | . | k | . | . | r |
+---+---+---+---+---+---+---+---+
| . | q | . | n | p | p | b | . |
+---+---+---+---+---+---+---+---+
| p | . | N | p | . | . | p | . |
+---+---+---+---+---+---+---+---+
| . | p | . | P | . | . | . | p |
+---+---+---+---+---+---+---+---+
| . | . | . | . | . | . | . | . |
+---+---+---+---+---+---+---+---+
| P | . | N | . | B | . | . | . |
+---+---+---+---+---+---+---+---+
| . | P | P | Q | . | P | P | P |
+---+---+---+---+---+---+---+---+
| R | . | . | . | K | . | R | . |
+---+---+---+---+---+---+---+---+

Use the below Centipawn loss (Cp) and move sequence to guide your reasoning:

Line 1; Cp(80): d7f6
Line 2; Cp(58): d7e5 c6e5 d6e5 c3e4 e8g8 e1c1 f8d8 f2f3 a6a5 d5d6 c8f5 d2d5 b7b8 e3g5 f5e4 d5e4 d8d6 g5e7 d6d4 d1d4 e5d4
Line 3; Cp(47): a6a5 e3d4 d7f6 d2d3 e8f8 d3b5 b7b5 c3b5 f6d5 d4g7 f8g7 c2c4 c8a6 c4d5 a6b5 a1c1 h8c8 e1d2 b5c6 c1c6 g7f6 g1e1 c8b8 d2c1 b8b5 e1d1 a8b8 d1d2 b8b7 c6c3

The best move is : d7f6

Give reasoning explaining why this is the best move basing your answer on the given information","Reasoning : The move knight to f6 is the most effective continuation for Black as it prioritizes essential development and king safety while neutralizing White's central control. By repositioning the knight from d7 to f6, Black exerts influence over critical squares like e4 and d5, preventing White from establishing a dominant knight outpost on e4 that would arise from premature exchanges on e5. This natural developing move also clears the path for kingside castling, which is vital for securing the king against White's active pieces, particularly the intrusive knight on c6 and the bishop on e3. Unlike passive pawn moves that neglect piece coordination, this adjustment improves Black's worst-placed piece without creating structural weaknesses, ensuring a robust defense while maintaining the potential for counterplay along the long diagonal for the fianchettoed bishop."
r2qkb1r/p2npp1p/b1Bp1np1/8/2P5/8/PP3PPP/RNBQR1K1 w kq -,"Given a board's FEN string: 
r2qkb1r/p2npp1p/b1Bp1np1/8/2P5/8/PP3PPP/RNBQR1K1 w kq -

The ASCII board for the given FEN string is:
+---+---+---+---+---+---+---+---+
| r | . | . | q | k | b | . | r |
+---+---+---+---+---+---+---+---+
| p | . | . | n | p | p | . | p |
+---+---+---+---+---+---+---+---+
| b | . | B | p | . | n | p | . |
+---+---+---+---+---+---+---+---+
| . | . | . | . | . | . | . | . |
+---+---+---+---+---+---+---+---+
| . | . | P | . | . | . | . | . |
+---+---+---+---+---+---+---+---+
| . | . | . | . | . | . | . | . |
+---+---+---+---+---+---+---+---+
| P | P | . | . | . | P | P | P |
+---+---+---+---+---+---+---+---+
| R | N | B | Q | R | . | K | . |
+---+---+---+---+---+---+---+---+

Use the below Centipawn loss (Cp) and move sequence to guide your reasoning:

Line 1; Cp(177): d1d6 e7e6 c6d7 d8d7 d6a6 f8b4 b1c3 b4c3 b2c3 e8g8 c1g5 f6h5 a1d1 d7c7 e1e4 a8c8 h2h3 h5g7 g5f4 c7c6 a6c6 c8c6 d1d7 a7a5 f4h6 f8c8 e4d4 e6e5
Line 2; Cp(119): c1g5 f8g7 c6a8 h7h6 g5c1 a6c4 a8f3 e8g8 b1c3 d7e5 f3e2 c4e2 d1e2 e5c6 c1e3 d8d7 a1d1 f8d8 c3d5 f6d5 d1d5 e7e6 d5d1 d6d5 d1c1 d5d4 e3d2
Line 3; Cp(75): b1a3

The best move is : d1d6

Give reasoning explaining why this is the best move basing your answer on the given information","Reasoning : The move Queen to d6 is a decisive tactical strike that captures a central pawn and immediately aggresses against the Black Queen while coordinating with the advanced Bishop on c6. This infiltration forces Black to prioritize defense over material recovery, as capturing the Queen would lead to detrimental consequences, prompting the defensive pawn push e7e6 instead. This passive response allows White to execute a winning exchange sequence where the Bishop sacrifices itself on d7 to remove a key defender with check, followed by the Queen capturing the Bishop on a6, resulting in a net material gain for White. Positionally, this sequence leaves the Black King exposed in the center with compromised pawn structure, while White establishes a dominant Queen presence that controls critical squares and secures a lasting advantage through superior piece activity and material count."
